pipeline,query,rank,document_id,similarity,document_preview
A_minimal,barbecue cooking class,1,26462,0.3335631191730499,Sous vide cooking is a cooking style that uses vacuum-sealed bags to cook your dishes. This type of cooking takes place in an accurate temperature-monitored water bath. It is obser
A_minimal,barbecue cooking class,2,24297,0.2930818498134613,Cooking Frenzy Halloween Cookies is a free online cooking game for girls to play online. Learn how to make Halloween cookies through this wonderful cooking game. Have fun!
A_minimal,barbecue cooking class,3,11238,0.2713189423084259,"What are Essential Oils Academy Class Commercials? Well, I developed a collection of ten “commercials”–fun, interactive text and images to use in promoting the Essential Oils and P"
A_minimal,barbecue cooking class,4,25248,0.21219906210899353,Denver has the most saturated market of roofers in the country. Choose quality over quantity. Avoid these 5 mistakes when choosing a Roofer! Take a look at some of the pictures fro
A_minimal,barbecue cooking class,5,5307,0.20412740111351013,SPECIAL! This class is a FREE ADD-ON if you book one or more classes in 2017/2018. FREE meditation class must be scheduled within ½ hour prior to or following any other scheduled c
A_minimal,mac disk utility,1,15786,0.4521118998527527,Disk Drill Enterprise for Mac Free Download is setup of standalone compressed file. It is offline DMG file with direct download link of Disk Drill Enterprise Free Download for Mac.
A_minimal,mac disk utility,2,6478,0.31956014037132263,"Mac and Mac deduce that since fish live in schools, they must be smart. The fish in this funny story are smart enough to outwit Mac and Mac! Cousin Meatball also gets the better of"
A_minimal,mac disk utility,3,1,0.2769070267677307,"Discussion in 'Mac OS X Lion (10.7)' started by axboi87, Jan 20, 2012. I've got a 500gb internal drive and a 240gb SSD. When trying to restore using disk utility i'm given the erro"
A_minimal,mac disk utility,4,6475,0.26565438508987427,"Is there any way I can re-install win 98, or Win XP from the upgrade disk? I installed a new hard drive and am trying to set up windows 98 SE from the upgrade disk that I have. win"
A_minimal,mac disk utility,5,28695,0.25745582580566406,Cleanmymac 3 Activation Number is a Best Cleaning Software for MAC. That helps any individual in cleaning streamlining and upkeep of MAC. Presently it has turned into the additiona
A_minimal,natural language processing,1,25428,0.3638451099395752,"Note: If you're on an iPhone, you cannot change the language of Facebook through the mobile app. Instead, Facebook uses whatever language your phone is set up to use, so to change "
A_minimal,natural language processing,2,8705,0.34201768040657043,"These regulations may be called the Food Safety and Standards (Food Products Standards and Food Additives) Amendment Regulations, 2019. They shall come into force on the date of th"
A_minimal,natural language processing,3,4075,0.2873220443725586,"Looking for Spanish language instructor to improve my reading, writing and speaking skills. We require the tutor to travel to our location at Gwal Pahari. A certification or degree"
A_minimal,natural language processing,4,21879,0.280299574136734,"Richard Cox, a world-renowned spoken language researcher, has been appointed director of the Johns Hopkins University–based Human Language Technology Center of Excellence. The HLTC"
A_minimal,natural language processing,5,13690,0.278476744890213,Text in finnish language missing. Sorry for the inconvinience. See in english language.
A_minimal,machine learning healthcare,1,2501,0.2772022783756256,"In recent years, machine learning has been a fun diversion for most of us, bringing joy and horror equally with things like Cooking With Cthulhu and Google Deep Dream’s obsession w"
A_minimal,machine learning healthcare,2,11119,0.2699494957923889,The opportunities offered by Big Data will only materialize when healthcare systems move beyond the mere collection of large amounts of data. Linkage of previously separated data s
A_minimal,machine learning healthcare,3,9252,0.2693759500980377,"SAN DIEGO AND WASHINGTON, D.C. – Sept. 5, 2018 – West Health, a family of nonpartisan, nonprofit organizations focused on healthcare research, policy and philanthropy, has appointe"
A_minimal,machine learning healthcare,4,11979,0.268639475107193,Doctorate of Healthcare Organization Program is designed for the healthcare professionals who are working in healthcare organizations especially in hospitals or in clinics and who 
A_minimal,machine learning healthcare,5,21822,0.2661277651786804,"Supply Sand Crusher Machine India. Quartz Rock Crusher Machine,Sand Fine Grinding Mill,Vibrating High Quality Equipment With Competitive Price. Grinder Machine For Powder. buy powd"
A_minimal,python programming tutorial,1,1814,0.5248699188232422,"Beginning Python: From Novice to Professional is the most comprehensive book on the Python ever written. Based on Practical Python, this newly-revised book is both an introduction "
A_minimal,python programming tutorial,2,2357,0.45905032753944397,How do I unset an element's CSS attribute using jQuery? How to gracefully deal with failed future feature (__future__) imports due to old interpreter version? How is it that json s
A_minimal,python programming tutorial,3,28686,0.3497014045715332,I am sure all of you want to learn keil C programming for 8051. Here is a brief tutorial for you to give a head start to your learning. Following topics are covered in tutorial. If
A_minimal,python programming tutorial,4,2921,0.24313859641551971,I love miniature things and this is as cute as they get!!! Thanks for the tutorial! Yours are super cute and the tin perfect. Thanks for sharing this super cute idea! Great tutoria
A_minimal,python programming tutorial,5,10912,0.2387843132019043,Simple PNG conversion tool using libpng. It should be simple to build the project using make. Please note that the project requires both Python and libpng. It's also possible to bu
A_minimal,covid vaccine,1,1909,0.5208818912506104,You should not receive this vaccine if you have ever had a life-threatening allergic reaction to any vaccine containing Japanese encephalitis virus. What is Japanese encephalitis v
A_minimal,covid vaccine,2,1859,0.33765774965286255,The CDC reported this week that five cases of H. flu invasive disease have appeared in children in Minnesota. There have been no reports of similar disease in Massachusetts thus fa
A_minimal,covid vaccine,3,14580,0.29039084911346436,"Scientist Noah Wilson-Rich is creating vaccines for honey bees against CCD and Nosema. ""This summer, [Best Bees Company LLC] will field-test an antifungal vaccine, made from yeast "
A_minimal,covid vaccine,4,11040,0.26487159729003906,Pfizer Inc. (NYSE:PFE) announced today that the U.S. Food and Drug Administration (FDA) has accepted for review the Biologics License Application (BLA) for bivalent recombinant LP2
A_minimal,covid vaccine,5,26023,0.2356559783220291,"For the episode of South Park, see Chickenpox (South Park episode). Chickenpox, also spelled chicken pox, is the common name for Varicella simplex, classically one of the childhood"
A_minimal,football match,1,6082,0.5424843430519104,Ac Milan White Jersey tball kits course true. I know that all replica football shirt demons don t france soccer jersey long sleeve really believe that thcheap football shirts cheap
A_minimal,football match,2,16456,0.3191956877708435,"As the weather starts to improve and the grass gets greener it is a perfect time for some football, this week the girl's football team start there league summer season, attached ar"
A_minimal,football match,3,20399,0.3028954267501831,Get up to date results from the Int/nal Tournaments Croatia Cup (W) for the 2014/15 football season. Get the latest football scores & result for all games in the Croatia Cup (W) 20
A_minimal,football match,4,26524,0.29554346203804016,Football is being the most popular game all over the world. Unlike the earlier days people from every part of the world has started to follow football. Those who are following foot
A_minimal,football match,5,15323,0.2939976751804352,"I was browsing through Alistair Cooke's ""The Americans"" the other day, and I found a passage in which Cooke says that an unnamed American political columnist gave Jimmy Carter 20 n"
A_minimal,climate change,1,19142,0.7795291543006897,"Reduce short-lived climate change or even this essay. Should we should trust the following feb 27, written is a significant. One of global warming trout streams about article. Beli"
A_minimal,climate change,2,9209,0.5160475969314575,Climate Change Denial: Why It can Be Hugely Influential? You are here: Home / Hello Earth / Climate Change Denial: Why It can Be Hugely Influential? Climate change is a real thread
A_minimal,climate change,3,2231,0.5105141997337341,The Rupa Lake Cooperative in Nepal. Credit: Bioversity International / B. Saugat. Sourced through Flickr. Responding to the impacts of climate change effectively at national policy
A_minimal,climate change,4,20117,0.461052268743515,Transportation departments can use this Microsoft Excel®-based file with Visual Basic macros to generate reports on the sensitivity of six types of transportation assets to 11 pote
A_minimal,climate change,5,11682,0.451240599155426,The existential threats to people and the environment from climate change are increasingly well understood. NOAA’s 27th annual State of the Climate report revealed record-setting c
B_normalized,barbecue cooking class,1,26462,0.3426190912723541,Sous vide cooking is a cooking style that uses vacuum-sealed bags to cook your dishes. This type of cooking takes place in an accurate temperature-monitored water bath. It is obser
B_normalized,barbecue cooking class,2,24297,0.29993733763694763,Cooking Frenzy Halloween Cookies is a free online cooking game for girls to play online. Learn how to make Halloween cookies through this wonderful cooking game. Have fun!
B_normalized,barbecue cooking class,3,2532,0.2826576828956604,"A high level of flexibility, faster connection and first-class service. Intelligent construction, sophisticated set-up and a clear design. PalmariumMobile combines important criter"
B_normalized,barbecue cooking class,4,11238,0.27316364645957947,"What are Essential Oils Academy Class Commercials? Well, I developed a collection of ten “commercials”–fun, interactive text and images to use in promoting the Essential Oils and P"
B_normalized,barbecue cooking class,5,5307,0.23110869526863098,SPECIAL! This class is a FREE ADD-ON if you book one or more classes in 2017/2018. FREE meditation class must be scheduled within ½ hour prior to or following any other scheduled c
B_normalized,mac disk utility,1,15786,0.46889472007751465,Disk Drill Enterprise for Mac Free Download is setup of standalone compressed file. It is offline DMG file with direct download link of Disk Drill Enterprise Free Download for Mac.
B_normalized,mac disk utility,2,6478,0.3371672034263611,"Mac and Mac deduce that since fish live in schools, they must be smart. The fish in this funny story are smart enough to outwit Mac and Mac! Cousin Meatball also gets the better of"
B_normalized,mac disk utility,3,6475,0.3334709107875824,"Is there any way I can re-install win 98, or Win XP from the upgrade disk? I installed a new hard drive and am trying to set up windows 98 SE from the upgrade disk that I have. win"
B_normalized,mac disk utility,4,1,0.29687532782554626,"Discussion in 'Mac OS X Lion (10.7)' started by axboi87, Jan 20, 2012. I've got a 500gb internal drive and a 240gb SSD. When trying to restore using disk utility i'm given the erro"
B_normalized,mac disk utility,5,28723,0.2870175838470459,"Mac Pro 2009 4 Core? Or iMac 2011 i5? Discussion in 'Mac Pro' started by JamerTheProgram, Aug 6, 2011. I want to purchase a Mac Pro 2009 Nelhalem. 1 The problem with the iMac is: U"
B_normalized,natural language processing,1,25428,0.3861114978790283,"Note: If you're on an iPhone, you cannot change the language of Facebook through the mobile app. Instead, Facebook uses whatever language your phone is set up to use, so to change "
B_normalized,natural language processing,2,8705,0.37062200903892517,"These regulations may be called the Food Safety and Standards (Food Products Standards and Food Additives) Amendment Regulations, 2019. They shall come into force on the date of th"
B_normalized,natural language processing,3,5699,0.3212727904319763,"Truth-value gaps in natural language. Waldo, James Hewins, ""Truth-value gaps in natural language."" (1980). Doctoral Dissertations 1896 - February 2014. 2124."
B_normalized,natural language processing,4,24482,0.31619006395339966,"Harald, you are a co-owner of Language Partners. Are you a linguist yourself, and how did you get into this competitive line of business? No, I’m not a linguist; I am a historian a"
B_normalized,natural language processing,5,701,0.29639747738838196,"Program in Teaching French as a Foreign Language was established in 1985 under the Department of Foreign Education. 2 full professors,3 assistant professors and 3 research assistan"
B_normalized,machine learning healthcare,1,2501,0.3034203052520752,"In recent years, machine learning has been a fun diversion for most of us, bringing joy and horror equally with things like Cooking With Cthulhu and Google Deep Dream’s obsession w"
B_normalized,machine learning healthcare,2,7564,0.30338239669799805,"would I have learned, learnt? would you have learned, learnt? would he have learned, learnt? would we have learned, learnt? would they have learned, learnt? would I have been learn"
B_normalized,machine learning healthcare,3,6123,0.2941727340221405,"With today’s advancement in technology, it is becoming more convenient than ever before to earn a Bachelor’s degree in a health-related field online. Some specializations, such as "
B_normalized,machine learning healthcare,4,11979,0.28875023126602173,Doctorate of Healthcare Organization Program is designed for the healthcare professionals who are working in healthcare organizations especially in hospitals or in clinics and who 
B_normalized,machine learning healthcare,5,9252,0.28843817114830017,"SAN DIEGO AND WASHINGTON, D.C. – Sept. 5, 2018 – West Health, a family of nonpartisan, nonprofit organizations focused on healthcare research, policy and philanthropy, has appointe"
B_normalized,python programming tutorial,1,1814,0.5681772232055664,"Beginning Python: From Novice to Professional is the most comprehensive book on the Python ever written. Based on Practical Python, this newly-revised book is both an introduction "
B_normalized,python programming tutorial,2,2357,0.4847833514213562,How do I unset an element's CSS attribute using jQuery? How to gracefully deal with failed future feature (__future__) imports due to old interpreter version? How is it that json s
B_normalized,python programming tutorial,3,28686,0.4253942370414734,I am sure all of you want to learn keil C programming for 8051. Here is a brief tutorial for you to give a head start to your learning. Following topics are covered in tutorial. If
B_normalized,python programming tutorial,4,2921,0.2576357424259186,I love miniature things and this is as cute as they get!!! Thanks for the tutorial! Yours are super cute and the tin perfect. Thanks for sharing this super cute idea! Great tutoria
B_normalized,python programming tutorial,5,10912,0.24741604924201965,Simple PNG conversion tool using libpng. It should be simple to build the project using make. Please note that the project requires both Python and libpng. It's also possible to bu
B_normalized,covid vaccine,1,1909,0.5469629764556885,You should not receive this vaccine if you have ever had a life-threatening allergic reaction to any vaccine containing Japanese encephalitis virus. What is Japanese encephalitis v
B_normalized,covid vaccine,2,25955,0.4672686755657196,The Vaccine-preventable Diseases and Immunization programme (VPI) of the WHO Regional Office for Europe is looking for a qualified expert in vaccine safety to compliment its team o
B_normalized,covid vaccine,3,1859,0.3314765691757202,The CDC reported this week that five cases of H. flu invasive disease have appeared in children in Minnesota. There have been no reports of similar disease in Massachusetts thus fa
B_normalized,covid vaccine,4,11040,0.318589985370636,Pfizer Inc. (NYSE:PFE) announced today that the U.S. Food and Drug Administration (FDA) has accepted for review the Biologics License Application (BLA) for bivalent recombinant LP2
B_normalized,covid vaccine,5,14580,0.3048533797264099,"Scientist Noah Wilson-Rich is creating vaccines for honey bees against CCD and Nosema. ""This summer, [Best Bees Company LLC] will field-test an antifungal vaccine, made from yeast "
B_normalized,football match,1,6082,0.5501964092254639,Ac Milan White Jersey tball kits course true. I know that all replica football shirt demons don t france soccer jersey long sleeve really believe that thcheap football shirts cheap
B_normalized,football match,2,15323,0.35112738609313965,"I was browsing through Alistair Cooke's ""The Americans"" the other day, and I found a passage in which Cooke says that an unnamed American political columnist gave Jimmy Carter 20 n"
B_normalized,football match,3,16456,0.34473901987075806,"As the weather starts to improve and the grass gets greener it is a perfect time for some football, this week the girl's football team start there league summer season, attached ar"
B_normalized,football match,4,26524,0.3430141806602478,Football is being the most popular game all over the world. Unlike the earlier days people from every part of the world has started to follow football. Those who are following foot
B_normalized,football match,5,20399,0.32010418176651,Get up to date results from the Int/nal Tournaments Croatia Cup (W) for the 2014/15 football season. Get the latest football scores & result for all games in the Croatia Cup (W) 20
B_normalized,climate change,1,19142,0.8010472059249878,"Reduce short-lived climate change or even this essay. Should we should trust the following feb 27, written is a significant. One of global warming trout streams about article. Beli"
B_normalized,climate change,2,9209,0.6122252941131592,Climate Change Denial: Why It can Be Hugely Influential? You are here: Home / Hello Earth / Climate Change Denial: Why It can Be Hugely Influential? Climate change is a real thread
B_normalized,climate change,3,2231,0.5656878352165222,The Rupa Lake Cooperative in Nepal. Credit: Bioversity International / B. Saugat. Sourced through Flickr. Responding to the impacts of climate change effectively at national policy
B_normalized,climate change,4,21770,0.5543991923332214,"See this article detailing that arctic sea ice right now is below the mean of ice extent for even the 2000’s, (not to mention previous decades), with 53 days to go before the minim"
B_normalized,climate change,5,11682,0.5140453577041626,The existential threats to people and the environment from climate change are increasingly well understood. NOAA’s 27th annual State of the Climate report revealed record-setting c
C_subword,barbecue cooking class,1,26462,0.30048897862434387,Sous vide cooking is a cooking style that uses vacuum-sealed bags to cook your dishes. This type of cooking takes place in an accurate temperature-monitored water bath. It is obser
C_subword,barbecue cooking class,2,21146,0.28913357853889465,The teacher put the students’ drawings on the wall. I drink nothing but apple juice. He lost his arm in a car accident. I broke an arm in a car accident. We'll have a barbecue this
C_subword,barbecue cooking class,3,24297,0.2566978633403778,Cooking Frenzy Halloween Cookies is a free online cooking game for girls to play online. Learn how to make Halloween cookies through this wonderful cooking game. Have fun!
C_subword,barbecue cooking class,4,25248,0.250059574842453,Denver has the most saturated market of roofers in the country. Choose quality over quantity. Avoid these 5 mistakes when choosing a Roofer! Take a look at some of the pictures fro
C_subword,barbecue cooking class,5,927,0.24426744878292084,Savor the world-shaking flavor of a big and bold California classic with Michael David Earthquake Petite Sirah. This daring tannin-rich wine blends essences of fresh raspberries wi
C_subword,mac disk utility,1,15786,0.33820319175720215,Disk Drill Enterprise for Mac Free Download is setup of standalone compressed file. It is offline DMG file with direct download link of Disk Drill Enterprise Free Download for Mac.
C_subword,mac disk utility,2,1,0.2650544047355652,"Discussion in 'Mac OS X Lion (10.7)' started by axboi87, Jan 20, 2012. I've got a 500gb internal drive and a 240gb SSD. When trying to restore using disk utility i'm given the erro"
C_subword,mac disk utility,3,16023,0.2457592487335205,"This essay is the first of a six-part collaboration between Benjamin Bovarnick (FES ’18) and Sara Harari (FES ’19, SOM ’19). The collection closely examines the barriers facing ado"
C_subword,mac disk utility,4,11269,0.22862286865711212,"HPE RDX Removable Disk Backup System is a disk-based back up and recovery solution with critical security layers, unmatched portability, fast recovery and easy integration into any"
C_subword,mac disk utility,5,28723,0.22755135595798492,"Mac Pro 2009 4 Core? Or iMac 2011 i5? Discussion in 'Mac Pro' started by JamerTheProgram, Aug 6, 2011. I want to purchase a Mac Pro 2009 Nelhalem. 1 The problem with the iMac is: U"
C_subword,natural language processing,1,25428,0.500230073928833,"Note: If you're on an iPhone, you cannot change the language of Facebook through the mobile app. Instead, Facebook uses whatever language your phone is set up to use, so to change "
C_subword,natural language processing,2,9149,0.4495716094970703,InteractX foreign language support instructions work for 8 bit Unicode languages but need additional steps to support 16 bit Unicode languages also known as Multi-Byte Character Se
C_subword,natural language processing,3,13690,0.4480229914188385,Text in finnish language missing. Sorry for the inconvinience. See in english language.
C_subword,natural language processing,4,4075,0.4460313022136688,"Looking for Spanish language instructor to improve my reading, writing and speaking skills. We require the tutor to travel to our location at Gwal Pahari. A certification or degree"
C_subword,natural language processing,5,24136,0.44221481680870056,"If you want to pick a portfolio of computer languages to master, look at these 10 great options that are used across the cloud computing world. When people think of choosing a comp"
C_subword,machine learning healthcare,1,9252,0.4655137062072754,"SAN DIEGO AND WASHINGTON, D.C. – Sept. 5, 2018 – West Health, a family of nonpartisan, nonprofit organizations focused on healthcare research, policy and philanthropy, has appointe"
C_subword,machine learning healthcare,2,9229,0.43432798981666565,"Influence Health, the healthcare industry’s leading consumer experience solution provider, congratulates leading provider organizations for earning prestigious eHealthcare Leadersh"
C_subword,machine learning healthcare,3,11119,0.36801058053970337,The opportunities offered by Big Data will only materialize when healthcare systems move beyond the mere collection of large amounts of data. Linkage of previously separated data s
C_subword,machine learning healthcare,4,8653,0.36696967482566833,"We're starting our search for the best healthcare IT blogs on the Internet, and we need your help! Whether the blog is written by a former healthcare IT consultant, a C-suite execu"
C_subword,machine learning healthcare,5,6123,0.35788583755493164,"With today’s advancement in technology, it is becoming more convenient than ever before to earn a Bachelor’s degree in a health-related field online. Some specializations, such as "
C_subword,python programming tutorial,1,1814,0.5794482827186584,"Beginning Python: From Novice to Professional is the most comprehensive book on the Python ever written. Based on Practical Python, this newly-revised book is both an introduction "
C_subword,python programming tutorial,2,2357,0.5252528190612793,How do I unset an element's CSS attribute using jQuery? How to gracefully deal with failed future feature (__future__) imports due to old interpreter version? How is it that json s
C_subword,python programming tutorial,3,28686,0.3942764103412628,I am sure all of you want to learn keil C programming for 8051. Here is a brief tutorial for you to give a head start to your learning. Following topics are covered in tutorial. If
C_subword,python programming tutorial,4,24844,0.37531134486198425,The sight obviously scared people around and the owner agreed that it was his mistake that Juliet got out. He assured that she's not dangerous. The population of these Burmese pyth
C_subword,python programming tutorial,5,10912,0.3194500505924225,Simple PNG conversion tool using libpng. It should be simple to build the project using make. Please note that the project requires both Python and libpng. It's also possible to bu
C_subword,covid vaccine,1,1909,0.4476425349712372,You should not receive this vaccine if you have ever had a life-threatening allergic reaction to any vaccine containing Japanese encephalitis virus. What is Japanese encephalitis v
C_subword,covid vaccine,2,14580,0.4251627027988434,"Scientist Noah Wilson-Rich is creating vaccines for honey bees against CCD and Nosema. ""This summer, [Best Bees Company LLC] will field-test an antifungal vaccine, made from yeast "
C_subword,covid vaccine,3,624,0.41918227076530457,"How long does it take the flu to evade a vaccine? With all the recent Presidential attention to the threat from the H5N1 Avian Flu, and the many billions now earmarked for stockpil"
C_subword,covid vaccine,4,25955,0.40728798508644104,The Vaccine-preventable Diseases and Immunization programme (VPI) of the WHO Regional Office for Europe is looking for a qualified expert in vaccine safety to compliment its team o
C_subword,covid vaccine,5,1859,0.3908161520957947,The CDC reported this week that five cases of H. flu invasive disease have appeared in children in Minnesota. There have been no reports of similar disease in Massachusetts thus fa
C_subword,football match,1,6082,0.6751180291175842,Ac Milan White Jersey tball kits course true. I know that all replica football shirt demons don t france soccer jersey long sleeve really believe that thcheap football shirts cheap
C_subword,football match,2,20399,0.4923153519630432,Get up to date results from the Int/nal Tournaments Croatia Cup (W) for the 2014/15 football season. Get the latest football scores & result for all games in the Croatia Cup (W) 20
C_subword,football match,3,26524,0.44545167684555054,Football is being the most popular game all over the world. Unlike the earlier days people from every part of the world has started to follow football. Those who are following foot
C_subword,football match,4,5883,0.4334259629249573,A full list of Irish football players playing for clubs in Northern Ireland. Here is a full list of Irish football players who are currently playing for clubs in the Northern Irish
C_subword,football match,5,15323,0.4273090362548828,"I was browsing through Alistair Cooke's ""The Americans"" the other day, and I found a passage in which Cooke says that an unnamed American political columnist gave Jimmy Carter 20 n"
C_subword,climate change,1,19142,0.7372618317604065,"Reduce short-lived climate change or even this essay. Should we should trust the following feb 27, written is a significant. One of global warming trout streams about article. Beli"
C_subword,climate change,2,9209,0.5212104916572571,Climate Change Denial: Why It can Be Hugely Influential? You are here: Home / Hello Earth / Climate Change Denial: Why It can Be Hugely Influential? Climate change is a real thread
C_subword,climate change,3,6575,0.4947410821914673,"A description of procedures used by Members appeared in Monthly Climatic Data for the World, 1967 Supplement--computation of CLIMAT TEMP values. In January and July, all CLIMAT (C)"
C_subword,climate change,4,20926,0.448209285736084,Big polluting corporations like Shell and Chevron are getting ready to stop any real climate action at the climate talks in Paris. As much as 20% of this year's talks are being spo
C_subword,climate change,5,20117,0.442973792552948,Transportation departments can use this Microsoft Excel®-based file with Visual Basic macros to generate reports on the sensitivity of six types of transportation assets to 11 pote
