record_type,query,rank,document_id,similarity,is_relevant,document_preview,precision_at_5,recall_at_5,reciprocal_rank
retrieval,barbecue cooking class,1,26462,0.3426190912723541,False,Sous vide cooking is a cooking style that uses vacuum-sealed bags to cook your dishes. This type of cooking takes place in an accurate temperature-monitored water bath. It is obser,,,
retrieval,barbecue cooking class,2,24297,0.29993733763694763,False,Cooking Frenzy Halloween Cookies is a free online cooking game for girls to play online. Learn how to make Halloween cookies through this wonderful cooking game. Have fun!,,,
retrieval,barbecue cooking class,3,2532,0.2826576828956604,False,"A high level of flexibility, faster connection and first-class service. Intelligent construction, sophisticated set-up and a clear design. PalmariumMobile combines important criter",,,
retrieval,barbecue cooking class,4,11238,0.27316364645957947,False,"What are Essential Oils Academy Class Commercials? Well, I developed a collection of ten “commercials”–fun, interactive text and images to use in promoting the Essential Oils and P",,,
retrieval,barbecue cooking class,5,5307,0.23110869526863098,False,SPECIAL! This class is a FREE ADD-ON if you book one or more classes in 2017/2018. FREE meditation class must be scheduled within ½ hour prior to or following any other scheduled c,,,
retrieval,mac disk utility,1,15786,0.46889472007751465,False,Disk Drill Enterprise for Mac Free Download is setup of standalone compressed file. It is offline DMG file with direct download link of Disk Drill Enterprise Free Download for Mac.,,,
retrieval,mac disk utility,2,6478,0.3371672034263611,False,"Mac and Mac deduce that since fish live in schools, they must be smart. The fish in this funny story are smart enough to outwit Mac and Mac! Cousin Meatball also gets the better of",,,
retrieval,mac disk utility,3,6475,0.3334709107875824,False,"Is there any way I can re-install win 98, or Win XP from the upgrade disk? I installed a new hard drive and am trying to set up windows 98 SE from the upgrade disk that I have. win",,,
retrieval,mac disk utility,4,1,0.29687532782554626,True,"Discussion in 'Mac OS X Lion (10.7)' started by axboi87, Jan 20, 2012. I've got a 500gb internal drive and a 240gb SSD. When trying to restore using disk utility i'm given the erro",,,
retrieval,mac disk utility,5,28723,0.2870175838470459,False,"Mac Pro 2009 4 Core? Or iMac 2011 i5? Discussion in 'Mac Pro' started by JamerTheProgram, Aug 6, 2011. I want to purchase a Mac Pro 2009 Nelhalem. 1 The problem with the iMac is: U",,,
retrieval,natural language processing,1,25428,0.3861114978790283,False,"Note: If you're on an iPhone, you cannot change the language of Facebook through the mobile app. Instead, Facebook uses whatever language your phone is set up to use, so to change ",,,
retrieval,natural language processing,2,8705,0.37062200903892517,False,"These regulations may be called the Food Safety and Standards (Food Products Standards and Food Additives) Amendment Regulations, 2019. They shall come into force on the date of th",,,
retrieval,natural language processing,3,5699,0.3212727904319763,True,"Truth-value gaps in natural language. Waldo, James Hewins, ""Truth-value gaps in natural language."" (1980). Doctoral Dissertations 1896 - February 2014. 2124.",,,
retrieval,natural language processing,4,24482,0.31619006395339966,False,"Harald, you are a co-owner of Language Partners. Are you a linguist yourself, and how did you get into this competitive line of business? No, I’m not a linguist; I am a historian a",,,
retrieval,natural language processing,5,701,0.29639747738838196,False,"Program in Teaching French as a Foreign Language was established in 1985 under the Department of Foreign Education. 2 full professors,3 assistant professors and 3 research assistan",,,
retrieval,python programming tutorial,1,1814,0.5681772232055664,True,"Beginning Python: From Novice to Professional is the most comprehensive book on the Python ever written. Based on Practical Python, this newly-revised book is both an introduction ",,,
retrieval,python programming tutorial,2,2357,0.4847833514213562,False,How do I unset an element's CSS attribute using jQuery? How to gracefully deal with failed future feature (__future__) imports due to old interpreter version? How is it that json s,,,
retrieval,python programming tutorial,3,28686,0.4253942370414734,False,I am sure all of you want to learn keil C programming for 8051. Here is a brief tutorial for you to give a head start to your learning. Following topics are covered in tutorial. If,,,
retrieval,python programming tutorial,4,2921,0.2576357424259186,False,I love miniature things and this is as cute as they get!!! Thanks for the tutorial! Yours are super cute and the tin perfect. Thanks for sharing this super cute idea! Great tutoria,,,
retrieval,python programming tutorial,5,10912,0.24741604924201965,False,Simple PNG conversion tool using libpng. It should be simple to build the project using make. Please note that the project requires both Python and libpng. It's also possible to bu,,,
retrieval,japanese encephalitis vaccine,1,1909,0.8888342976570129,True,You should not receive this vaccine if you have ever had a life-threatening allergic reaction to any vaccine containing Japanese encephalitis virus. What is Japanese encephalitis v,,,
retrieval,japanese encephalitis vaccine,2,25955,0.2723281979560852,False,The Vaccine-preventable Diseases and Immunization programme (VPI) of the WHO Regional Office for Europe is looking for a qualified expert in vaccine safety to compliment its team o,,,
retrieval,japanese encephalitis vaccine,3,24681,0.2596519887447357,False,Converting Japanese jō to Japanese kanejaku value in the length units scale. TOGGLE : from Japanese kanejaku into Japanese jō in the other way around. Convert length measuring unit,,,
retrieval,japanese encephalitis vaccine,4,9025,0.20537708699703217,False,A friend of mine has recently been posting her understanding of Japanese culture and it influences on Christianity and Japanese ministry. She created a series following many of the,,,
retrieval,japanese encephalitis vaccine,5,18981,0.20486567914485931,False,"The Japanese Cultural Institute is screening a series of films by celebrated Japanese director Kihachi Okamoto (1924-2005). The retrospective includes Okamato's best-known movies, ",,,
retrieval,football match,1,6082,0.5501964092254639,False,Ac Milan White Jersey tball kits course true. I know that all replica football shirt demons don t france soccer jersey long sleeve really believe that thcheap football shirts cheap,,,
retrieval,football match,2,15323,0.35112738609313965,False,"I was browsing through Alistair Cooke's ""The Americans"" the other day, and I found a passage in which Cooke says that an unnamed American political columnist gave Jimmy Carter 20 n",,,
retrieval,football match,3,16456,0.34473901987075806,True,"As the weather starts to improve and the grass gets greener it is a perfect time for some football, this week the girl's football team start there league summer season, attached ar",,,
retrieval,football match,4,26524,0.3430141806602478,False,Football is being the most popular game all over the world. Unlike the earlier days people from every part of the world has started to follow football. Those who are following foot,,,
retrieval,football match,5,20399,0.32010418176651,True,Get up to date results from the Int/nal Tournaments Croatia Cup (W) for the 2014/15 football season. Get the latest football scores & result for all games in the Croatia Cup (W) 20,,,
retrieval,climate change,1,19142,0.8010472059249878,False,"Reduce short-lived climate change or even this essay. Should we should trust the following feb 27, written is a significant. One of global warming trout streams about article. Beli",,,
retrieval,climate change,2,9209,0.6122252941131592,True,Climate Change Denial: Why It can Be Hugely Influential? You are here: Home / Hello Earth / Climate Change Denial: Why It can Be Hugely Influential? Climate change is a real thread,,,
retrieval,climate change,3,2231,0.5656878352165222,True,The Rupa Lake Cooperative in Nepal. Credit: Bioversity International / B. Saugat. Sourced through Flickr. Responding to the impacts of climate change effectively at national policy,,,
retrieval,climate change,4,21770,0.5543991923332214,False,"See this article detailing that arctic sea ice right now is below the mean of ice extent for even the 2000’s, (not to mention previous decades), with 53 days to go before the minim",,,
retrieval,climate change,5,11682,0.5140453577041626,True,The existential threats to people and the environment from climate change are increasingly well understood. NOAA’s 27th annual State of the Climate report revealed record-setting c,,,
metric,barbecue cooking class,,,,,,0.0,0.0,0.0
metric,mac disk utility,,,,,,0.2,1.0,0.25
metric,natural language processing,,,,,,0.2,1.0,0.3333333333333333
metric,python programming tutorial,,,,,,0.2,1.0,1.0
metric,japanese encephalitis vaccine,,,,,,0.2,1.0,1.0
metric,football match,,,,,,0.4,1.0,0.3333333333333333
metric,climate change,,,,,,0.6,1.0,0.5
